_exercise,emg_chest_1,emg_chest_2,emg_chest_3,emg_chest_4,emg_forearm_1,emg_forearm_2,emg_forearm_3,emg_forearm_4,emg_upper_arm_1,emg_upper_arm_2,emg_upper_arm_3,emg_upper_arm_4,pitch_forearm_1,pitch_forearm_2,pitch_forearm_3,pitch_forearm_4,pitch_upper_arm_1,pitch_upper_arm_2,pitch_upper_arm_3,pitch_upper_arm_4,roll_forearm_1,roll_forearm_2,roll_forearm_3,roll_forearm_4,roll_upper_arm_1,roll_upper_arm_2,roll_upper_arm_3,roll_upper_arm_4
bicep curl,81.980666392410654,61.272315919385434,184.23323735089093,91.046894282160508,58.564376799732329,406.82928835874543,496.94940353763974,416.26779103249066,279.9428218841224,864.71369806676796,1016.6075689016824,1022.9999999999985,-26.600316742080775,-34.161896338958215,-39.191217605920933,-37.953155080217762,0.0,0.0,0.0,0.0,-63.102842451666376,-55.620970793908057,-33.727535993413142,-17.81322089674336,0.0,0.0,0.0,0.0
bicep curl,58.992595639632277,100.28054298645561,79.412998765906323,99.456602221341413,274.94364459070437,212.6544631838658,208.51460304399444,121.89304812833423,1021.0995475112724,883.07733443032282,960.73714520765475,623.97120526525441,-44.282570958453888,-34.944232825994476,-33.666511723570864,-32.408679555737145,0.0,0.0,0.0,0.0,-10.101777046484646,-31.074282188404435,-43.170691073637087,-54.743245577953559,0.0,0.0,0.0,0.0
bicep curl,152.56396544630658,16.032908268186151,129.49280131635302,81.683257918535247,871.2661456192094,942.50143973675767,1022.3290826819575,288.73673385424161,1022.9999999999985,1022.9999999999985,1022.9999999999985,1022.9999999999985,-15.821369806661753,-15.450974907451126,-33.214800493624857,-33.271143562318699,0.0,0.0,0.0,0.0,32.882900041137304,31.286042780742669,5.3328054298567622,-15.961703002882928,0.0,0.0,0.0,0.0
bicep curl,107.39078568492431,76.916906622771805,71.927190456623677,158.13204442616438,70.288358700150283,170.03743315509331,151.81777046481488,177.97285067874998,373.40189222555114,995.30234471417191,1011.3208556149719,1022.9999999999985,-30.041538461538398,-28.966412998766714,-29.128539695597016,-31.681958041959366,0.0,0.0,0.0,0.0,-58.82110242698468,-55.657716988888275,-26.690028794728946,-9.445927601806682,0.0,0.0,0.0,0.0
bicep curl,82.900452488660363,57.912793089297509,202.72480460715403,116.68696009869686,163.04236939531555,179.39037433156528,191.42369395311115,169.82723159193506,316.36528177713296,844.85767174015621,1027.4603044014752,1022.9999999999985,-28.066984779926116,-30.865063759771122,-34.298103661044124,-33.438272315919527,0.0,0.0,0.0,0.0,-61.922994652406139,-55.643447141090064,-34.488473879057608,-22.926791443848373,0.0,0.0,0.0,0.0
bicep curl,162.12793089261595,44.35294117647998,63.138214726457676,225.04031262858766,28.916495269435377,75.654463183946717,621.58412176066372,500.38214726453964,159.80378445085961,569.36363636385727,1057.2801316330579,1022.9999999999985,-32.311661867544359,-30.771036610447553,-36.863290826823402,-29.620830933767689,0.0,0.0,0.0,0.0,-57.606622788975457,-59.162879473468287,-40.722969971192462,6.8424886877918638,0.0,0.0,0.0,0.0
bicep curl,167.72398190044893,69.392842451640519,59.9572192513685,152.80419580416941,396.26408885232979,644.29370629388188,1052.2813656931176,1022.9999999999985,1021.1888111888098,1022.9999999999985,1022.9999999999985,1022.9999999999985,-37.947967914441413,-29.342657342652799,-18.140542986423718,-16.160732208971247,0.0,0.0,0.0,0.0,-13.51196215548158,19.90385438092035,49.601431509673226,45.147079391189898,0.0,0.0,0.0,0.0
bicep curl,156.50596462357444,3.5968737145137961,118.45907034145003,74.270259152586931,426.36281365699682,775.8737145208903,971.26737967902955,353.61497326193324,1022.9999999999985,1022.9999999999985,1022.9999999999985,1022.9999999999985,-49.540419580416653,-40.226861373916613,-29.800921431513075,-49.819016865491115,0.0,0.0,0.0,0.0,13.085783628139808,23.630789798439757,31.910320855612696,14.402554504313173,0.0,0.0,0.0,0.0
bicep curl,99.927601809987138,151.72562731383044,30.28506787334176,210.81818181816385,415.06458247631554,861.96256684509137,983.90826820238397,1008.0612916494572,1022.9999999999985,1022.9999999999985,1023.1842863019318,1039.5022624434421,-46.974611271080555,-30.833253805015609,-34.160497737558181,-43.643990127523445,0.0,0.0,0.0,0.0,23.280596462363995,37.963747429044851,33.947190456599493,24.811172357050491,0.0,0.0,0.0,0.0
bicep curl,11.690662278889224,151.27725215965518,130.02550390780749,37.179350061726602,18.98231180584807,299.96585767180113,283.06787330317798,383.90127519538436,348.69806663925556,697.05923488294809,1038.1316330727996,1022.9999999999985,-33.716696832579139,-30.944590703412405,-38.040756890171345,-40.875890580011017,0.0,0.0,0.0,0.0,-55.839432332373384,-58.702595639655499,-34.786807897974469,-14.901349238992028,0.0,0.0,0.0,0.0
bicep curl,-70.473879062115515,772.8515014400117,970.80666392430965,1022.9999999999985,94.518305224205506,260.39531057183973,342.91937474288454,333.8519127931051,368.53558206513105,673.16207322096864,866.73549979437428,874.65199506368253,-24.458708350472765,-30.479387083508694,-55.743599341840081,-59.125952283007948,0.0,0.0,0.0,0.0,-65.70900863842067,-52.707828054291014,-18.376610448367302,0.8311723570582914,0.0,0.0,0.0,0.0
bicep curl,76.021801727686338,74.528177704646055,75.282188399836613,76.461538461536492,87.506375976974311,173.46400658173664,606.19703825589897,611.76758535577039,642.30028794743043,919.80090497742879,1025.5627313862585,963.98683669264847,-21.021118881119111,-25.417840394902779,-41.387548334022405,-59.691205265324371,0.0,0.0,0.0,0.0,-69.106359522829621,-62.253171534341632,-29.573315508014442,-0.81677498970860785,0.0,0.0,0.0,0.0
bicep curl,76.359111476758741,74.143973673384707,80.491567256272504,72.832990538873617,94.517893870851026,279.76799670922094,354.75483340189248,557.22953517074325,344.52900041140686,709.16248457436791,945.0037021801362,897.62772521600129,-17.672558617851699,-28.783932538053541,-39.830592348831892,-55.573628136571294,0.0,0.0,0.0,0.0,-71.974997943234186,-58.6540600575836,-30.255113122163152,-2.0365775400999153,0.0,0.0,0.0,0.0
bicep curl,115.29494035376304,268.78486219687642,1055.3451254626698,321.65569724382539,337.68449197860326,397.55532702590182,191.08556149731302,240.75524475525691,611.13533525302046,474.08103661036404,546.39572192515425,418.16824352126503,-34.279633895515367,-36.744644179349898,-43.995199506382711,-65.291995063755962,0.0,0.0,0.0,0.0,36.355425750721757,35.134236939528805,15.850086384193798,-6.7613574660653821,0.0,0.0,0.0,0.0
bicep curl,-2.4356232003466296,441.52653229127174,7.4002468119985734,67.825174825173519,180.74948580834908,319.71452077339399,416.38132455777367,375.40888523238522,485.6519950637977,711.86343068701478,908.62443438910032,813.58371040723057,-22.020962566846521,-32.662369395313782,-53.160024681205947,-49.71191690661837,0.0,0.0,0.0,0.0,-67.69746194981154,-44.022344714103454,-13.679218428621965,15.267914438507642,0.0,0.0,0.0,0.0
bicep curl,403.07280954325921,78.393665158356711,186.06746194985541,120.26573426573057,298.22583299058078,841.51048951064104,1042.9403537637982,278.75820649952448,571.8091320444878,415.04154668854085,586.23364870439525,1061.1475935834953,-36.730876182636258,-20.361332784859215,-22.823323735088675,-23.111455368157358,0.0,0.0,0.0,0.0,-36.38073632250881,-67.143068696015092,-66.573722747840151,-66.791252982316308,0.0,0.0,0.0,0.0
bicep curl,-4.2237762238008685,771.70835047333264,967.01151789386938,1005.5849444672866,258.53270259151657,179.91855203618709,277.28589058004201,268.75853558207399,471.62402303577147,578.49074454962636,646.04072398189339,767.65322912373222,-50.931789387086589,-51.343216783218573,-40.614524886873021,-33.183307280951247,0.0,0.0,0.0,0.0,14.638543809128382,8.8782887700472575,-23.30432743727869,-51.934627725220821,0.0,0.0,0.0,0.0
bicep curl,591.20074043589204,748.70876182665359,993.07939119703371,1022.9999999999985,183.21390374330753,308.80954339781431,432.43192102016098,260.29617441381208,653.29617441384414,774.31509666814543,1030.8580830933431,968.25257095846518,-30.793212669685882,-45.747926779108063,-53.943891402711692,-45.541912793088777,0.0,0.0,0.0,0.0,-55.512451665976116,-23.550913204433517,1.4628712464071927,21.900835047308,0.0,0.0,0.0,0.0
bicep curl,1023.9289181408082,909.15713698073239,1002.5442204853988,1023.2879473467693,106.07721102425207,84.462772521580064,77.209790209788352,99.416289592779449,86.857671740022141,130.9354175236617,92.784039489915116,402.42739613336624,-23.937577540106922,-23.67838338132443,-23.631641299876417,-25.295750719868927,0.0,0.0,0.0,0.0,-66.063270670505858,-66.30234471410941,-66.245499794323322,-64.529489921842085,0.0,0.0,0.0,0.0
bicep curl,-50.979432332509674,761.365281777321,970.86137392019612,1022.9999999999985,303.6108597285434,567.27560674620634,416.21801727681452,438.49321266970873,318.32003290824906,247.8317564788675,507.78897573019327,925.92719045672027,-25.23315508021339,-25.898700123405934,-24.720810366105937,-36.05874948580923,0.0,0.0,0.0,0.0,-64.53800082270709,-63.700518305223945,-65.227001234057454,-46.703422459890881,0.0,0.0,0.0,0.0
chest flye,319.37844508424683,415.47881530248026,987.24845742495825,899.49485808306326,127.27930892637805,159.41752365286055,237.22501028384326,233.91279308925658,374.35828877010385,572.19498148927823,1056.2464006580799,549.32867132862395,-17.425586178526196,-19.021752365279156,-12.387897984372499,-15.18482517481827,0.0,0.0,0.0,0.0,18.305656108598289,19.649090909089008,31.251501439747265,66.136713286722753,0.0,0.0,0.0,0.0
chest flye,267.91608391600533,416.95104895109768,540.145207733436,581.16947758126742,169.1867544220689,181.46770876182148,191.19169066228042,184.80008227067472,515.83957219259742,816.01357466075069,889.80419580406908,487.10366104480465,-20.861550802139007,-20.495512134922787,-18.735080213904045,-17.883336075687545,0.0,0.0,0.0,0.0,17.961312217202106,14.366223776223785,14.115845331141571,35.501480872075177,0.0,0.0,0.0,0.0
chest flye,637.1229946525259,952.23611682440458,957.22171945698608,741.41011929236288,228.72069107365104,368.17359111478845,259.52653229125161,202.36404771693961,416.38872891817493,493.04936240227528,369.45824763470534,240.31509666801725,-8.4852036199095195,-9.0913368983968805,-14.69227889757348,-15.839843685727381,0.0,0.0,0.0,0.0,77.418354586590667,79.501637186341711,74.148190045247745,73.645557383791598,0.0,0.0,0.0,0.0
chest flye,639.30563554100991,750.35499794334442,887.48169477576471,918.62361168244001,208.07198683668906,214.44672974084421,263.003290826838,334.56972439325494,836.47058823532564,664.88728918136928,438.56437679966535,345.74208144791555,-14.352550390784295,-18.788276429453134,-7.019058000821266,1.0842616207303872,0.0,0.0,0.0,0.0,17.088749485809309,23.984792266560053,62.766199095029677,75.387379679146619,0.0,0.0,0.0,0.0
chest flye,783.50761003700234,841.0518305224341,943.56807897979195,461.21760592335585,219.74413821466175,202.06663924313236,282.1616618675373,209.74660633481463,168.53270259153203,230.30769230765944,274.78856437682725,250.61415055532635,-1.2016947758125918,-6.6342616207329037,-8.6411188811203559,-7.9439942410553748,0.0,0.0,0.0,0.0,88.260654051830912,81.837972027971631,80.842965857670009,78.423517071161939,0.0,0.0,0.0,0.0
chest flye,592.99670917335072,1009.9271904566145,1036.6631016041999,250.18552036191537,221.76552858913254,502.28794734677689,876.19292472248389,681.79761415040934,191.90086384203781,266.77951460308526,340.85767174001728,344.69642122583809,8.4771452077340061,6.1267256273122115,-1.8469847799270809,-0.027441382145724724,0.0,0.0,0.0,0.0,75.54664335664107,66.135750719865953,66.143545865901075,59.940530645821688,0.0,0.0,0.0,0.0
chest flye,331.37762237765793,540.63883175653825,658.38255861779191,744.9621554917087,127.62155491561801,206.81694775816391,341.68120115178704,256.07404360344759,468.21719457014876,585.7716988894573,966.40970793898816,379.45742492797785,-15.740304401481209,-10.816783216782202,-12.238564376800202,-6.5039448786466201,0.0,0.0,0.0,0.0,29.005717811602658,29.79830522418554,24.905446318392567,75.274417935011343,0.0,0.0,0.0,0.0
chest flye,362.82887700537435,769.72974084737177,309.55039078570388,806.20732208973334,119.12628547924061,265.53599341837804,251.21308103661286,252.65939942411495,347.93336075687046,818.72850678748796,880.00041135328524,626.47716988886214,-14.124125874126575,-7.5533813245560903,-12.881768819415807,-6.5552406417107631,0.0,0.0,0.0,0.0,23.302850678733559,21.151213492391619,35.626861373924442,49.071863430687543,0.0,0.0,0.0,0.0
chest flye,875.89058000830676,794.47470176887271,940.24105306447461,916.60921431519694,44.189633895517389,51.539695598526919,231.93089263685636,331.85849444666201,304.77663512956639,187.85643767997485,173.6482928835776,195.78198272316359,4.0662978198284421,-0.63319210201673115,-0.21140271493361218,-10.607589469357055,0.0,0.0,0.0,0.0,82.338872891813011,90.298946935418485,88.418798848209022,79.066194981485637,0.0,0.0,0.0,0.0
chest flye,377.82764294537151,526.45043192102924,395.05841217604132,495.06581653640689,5.9411764705818513,446.26285479234684,199.87289181403952,216.21431509666078,188.8967503084794,842.57507198704764,953.35417523648414,876.0308515013952,-19.94495269436451,-14.512768408058742,-9.2576306046902488,-8.1714603044000818,0.0,0.0,0.0,0.0,18.414162895927774,16.514245166599093,19.642616207321794,52.190267379685537,0.0,0.0,0.0,0.0
chest flye,331.17350884404863,789.93459481710431,995.30234471411177,1000.7013574660431,389.04097079387918,269.44385026743464,685.22747840398301,644.97326203206444,81.48770053475306,231.0238584945613,629.9888934594627,527.2587412588698,-18.991436445914331,-13.849111476755059,-10.540279720283168,-22.711246400658471,0.0,0.0,0.0,0.0,4.4072176059140107,1.0190045248869808,6.4075113122200538,17.726631016047953,0.0,0.0,0.0,0.0
chest flye,1022.1526120938063,1018.3669271904548,987.59399424100764,960.53846153850748,150.03899629774799,137.6585767173915,161.92431098314893,209.79925956398264,98.058576717594633,707.34965034977802,979.43356643359709,1016.8638420403203,-6.2106491155929913,-28.949469354177445,-32.204051830525017,-20.989444672958516,0.0,0.0,0.0,0.0,-78.869873303150854,14.355693130408874,26.759288358701582,19.69681201152066,0.0,0.0,0.0,0.0
chest flye,163.79432332370098,784.15343480073568,974.43767996709028,1022.9999999999985,171.37350884410898,267.7651172357327,398.09378856437741,335.45907034138992,479.37556561084557,365.97860962559224,133.16659810777588,394.19169066233781,-18.677334430274197,-10.871999177296196,-18.819765528589013,-5.4348951048900815,0.0,0.0,0.0,0.0,73.430382558619812,77.866314273958125,69.592533936651179,83.437906211440051,0.0,0.0,0.0,0.0
chest flye,152.94529000414136,542.05018510923742,1050.824352118455,1044.2447552447413,317.95187165780914,439.23693953103401,257.58206499381123,355.62690250929194,172.53846153844478,172.49033319622598,216.35252982311934,228.1916906623479,-11.803990127511952,-6.2692636775018959,-3.2517647058792298,16.362213081038387,0.0,0.0,0.0,0.0,68.239551624850051,76.968593171535474,88.765166598105949,65.098440970789653,0.0,0.0,0.0,0.0
chest flye,76.364253394033852,783.554504319476,986.10818593169256,646.25051419155761,395.02945290029413,547.2459893049471,581.51295763056464,518.2825997531578,223.65948169502451,382.9646236118117,544.93747429041389,486.29658576717748,-27.621341834639694,-22.113463595226055,-21.270962566845672,-15.274508432743563,0.0,0.0,0.0,0.0,5.7556931304085612,7.1529823118073361,9.0771164129987287,17.396351295767236,0.0,0.0,0.0,0.0
chest flye,820.90826820235179,891.10119292475486,1030.5758946935346,1015.1879884820473,877.9712052652153,573.64171122991797,493.58329905392537,496.32044426157148,370.39037433159086,488.71081859317098,518.34183463596582,299.30316742075331,0.33426573426748113,-15.432418757710247,-12.948004936244381,-11.963422459892989,0.0,0.0,0.0,0.0,71.565907034139272,41.954450843267807,15.032669683254417,12.057128753598219,0.0,0.0,0.0,0.0
chest flye,255.77005347590989,849.11723570567062,996.66433566431044,628.8922254214948,413.63718634307202,416.18222953518728,572.1184697655367,589.94940353765401,368.0876182640846,349.29740847388854,302.15590292056947,162.22583299053261,-18.184977375567165,-20.139831345124303,-14.199070341423633,-25.364845742494399,0.0,0.0,0.0,0.0,56.127988482102552,42.153994241047982,21.05320444261304,14.297951460304505,0.0,0.0,0.0,0.0
chest flye,36.582887700507328,779.3907856851705,972.02756067461826,1022.9999999999985,1013.9958864664733,1015.2628547922269,666.09008638417015,873.61785273546695,214.86137392024028,534.22542163720288,374.96668037843813,445.58617852733209,-3.379160839155503,2.0645372274741134,-7.0424434389136357,-11.800333196217784,0.0,0.0,0.0,0.0,81.348679555738457,74.420534759352108,37.135051419161599,13.617811600162009,0.0,0.0,0.0,0.0
chest flye,680.0283833811759,586.68778280562458,1039.5598519127807,1022.9999999999985,434.70547099953404,413.27025915265182,614.92102015636885,519.32414644176617,736.92924722335817,545.98971616609845,390.3471822295615,467.23035787740639,-18.582961744134273,-6.571353352530549,-12.058646647473152,-22.148831756480828,0.0,0.0,0.0,0.0,61.53759358289696,81.092443438913833,76.702825997528052,63.704524886876456,0.0,0.0,0.0,0.0
chest flye,352.85067873301909,776.8251748254271,973.93377211024142,1022.9999999999985,881.75067873305125,525.35088440964864,691.30974907447126,681.90456602223492,315.61114767588452,188.13286713289909,509.84409707943479,585.20567667628131,-19.051831756476115,-18.315331139448134,-15.211131221718926,-13.477252159603959,0.0,0.0,0.0,0.0,10.640937062923145,9.9228465651964743,5.1161703002875267,14.058107774581515,0.0,0.0,0.0,0.0
bench press,198.57383792684288,497.88399835468977,779.38996297807557,216.73056355407044,104.99753187988462,75.658165364036549,46.912381735905427,28.118469765527148,314.60345536818676,174.46976552853036,121.06334841627589,73.339777869189177,-8.7051748251747494,-3.9888852324134185,-3.0613986013971326,0.14477581242274973,0.0,0.0,0.0,0.0,80.800896750308524,85.808531468532479,85.895310571782062,85.651057178114186,0.0,0.0,0.0,0.0
bench press,212.86548745368142,304.92019744986283,758.35252982292445,383.33607568906154,198.24928013161704,173.01439736737331,169.20032908264261,80.353352529830659,549.38502673796438,399.71205265332566,707.94487865068118,384.15631427391662,-2.8160756890194825,-9.3644220485383673,-1.6032332373526139,-13.571283422458654,0.0,0.0,0.0,0.0,83.824800493622391,80.233146853146991,85.551855203618942,74.909991772933154,0.0,0.0,0.0,0.0
bench press,178.98807075283906,778.19703825601061,1016.0863842040245,1026.0292060880283,134.53681612504491,64.333196215547858,66.703414232816385,68.039078568500756,454.89510489509729,477.17976141509769,356.51090086377212,275.81160016452469,-3.6291484985607596,-10.609115590290624,-2.7658741258747646,-13.910567667628113,0.0,0.0,0.0,0.0,86.196519950636926,78.921871657755247,86.035503907855798,75.86609214314916,0.0,0.0,0.0,0.0
bench press,164.34183463606871,507.27354997956593,989.48004936225334,349.57712875360488,134.91197038253452,91.454545454537183,68.002468120125059,70.195804195805906,200.27231591937235,230.3829699712451,202.95721925129413,189.67544220485823,-6.3894035376387901,-9.3894405594399242,2.7120773344301585,-4.2111517893874106,0.0,0.0,0.0,0.0,83.30713286713285,82.408568490334162,84.138700123404121,80.968218839982924,0.0,0.0,0.0,0.0
bench press,223.50143973666954,360.53846153873349,1081.0300287947132,976.27478403939961,185.29864253393202,189.98683669269937,99.150143973649861,48.12546277252688,249.17317976138088,310.91896338956286,205.81283422458048,184.99753187988264,-7.9708185931710265,-8.0676388317556409,-8.528350473056193,-2.7718428630211149,0.0,0.0,0.0,0.0,81.978802961744492,81.769300699301382,81.7879884821063,84.974701768817454,0.0,0.0,0.0,0.0
bench press,464.08720691068839,504.1809954751854,565.16042780743896,395.28218839981361,97.896750308534891,111.32373508842171,57.741258741273811,106.58288770053196,190.82311805845131,180.17811600161184,138.02468120114099,150.9650349650268,-2.7548375154254812,-14.387679967091133,-1.9015425750726578,-8.4914397367358845,0.0,0.0,0.0,0.0,88.182122583299659,75.185623200329474,83.228901686545811,70.850621143559479,0.0,0.0,0.0,0.0
bench press,211.13286713290407,427.79020979026325,452.06910736315297,367.46935417525549,152.5109008638351,86.165364047709787,47.178527354988326,34.681201151784336,123.7099958864562,145.94199917727855,126.45742492802847,44.70505964621848,-9.5129370629357091,-13.061345125461811,-13.798194158783705,-1.2012751953937,0.0,0.0,0.0,0.0,81.141814068284745,73.791826408886266,71.652830111062613,80.09375565610857,0.0,0.0,0.0,0.0
bench press,267.73303167418857,402.81694775817238,547.22171945695402,310.33196215551158,62.212669683257239,70.14191690662328,70.337721102443453,61.860962566830267,104.98231180584439,107.14273961332481,139.6524064170942,123.63718634305988,-7.0395104895125105,-4.3498313451242989,-14.255553270256289,-10.430637597701525,0.0,0.0,0.0,0.0,81.83284656519713,81.054220485396328,69.41748663101562,71.769584533110205,0.0,0.0,0.0,0.0
bench press,309.01604278079776,863.15466886071454,941.98313451244508,376.68243521176896,203.08350473060227,119.42616207315987,254.55080213924504,1064.6861373920578,538.20115178939454,435.22706705056993,900.15590292075979,1015.8877005347487,-7.5040518305251336,-6.0246359522820212,-25.798461538459524,-15.833282599755398,0.0,0.0,0.0,0.0,82.089740847385016,83.270090497737485,61.474792266559319,67.576947758122472,0.0,0.0,0.0,0.0
bench press,501.69148498561509,814.05635540943592,1027.1896338954566,467.46894282175168,36.062525709573947,53.036199095035059,71.125874125864343,23.850678733030044,186.11682435209005,255.47552447554608,237.03661044834462,161.19909502262186,-4.1456602221353505,-6.0375606746178523,-19.449835458651904,-18.169329494039864,0.0,0.0,0.0,0.0,84.250493624019143,81.997457836282592,59.154179350063302,68.514944467296615,0.0,0.0,0.0,0.0
bench press,849.978198272486,411.74619498159007,1080.1633072809345,1024.8428630193321,155.21061291649517,110.82640888520967,68.320032908265844,67.436445907032407,349.79020979015337,142.09749074452543,64.659810777464088,275.75318798852732,2.1326655697237911,4.3772151378046154,12.509991772931873,-11.487951460308228,0.0,0.0,0.0,0.0,87.269399424105416,84.513368983956425,80.008194158782715,80.631818181815348,0.0,0.0,0.0,0.0
bench press,937.21472644999687,925.42451665986607,1010.3101604278055,1022.9999999999985,181.03661044834928,113.31921020156121,114.35623200330066,160.3019333607574,96.230769230767606,140.73632250103731,114.10160427808253,144.69683257920056,14.617067050602424,20.439276018097392,11.69988482106211,2.5638502673753476,0.0,0.0,0.0,0.0,75.565923488271977,69.287564788155109,79.96183463595186,78.500785684906802,0.0,0.0,0.0,0.0
bench press,403.19004524881473,916.11394487878499,990.58864664746864,1022.9999999999985,300.53640477173377,283.04977375562663,240.80872069111587,557.91073632256848,61.369395310568287,89.513368983995349,313.88934594821677,492.71740024684607,-1.0517564788142555,-22.985047305634492,25.965240641715674,16.235857671740671,0.0,0.0,0.0,0.0,81.967211024270028,65.234940353763605,68.280493624020352,69.845442204852716,0.0,0.0,0.0,0.0
bench press,1028.1945701357454,1027.0658165364032,1000.2751953927467,819.59399424116748,200.09090909087368,170.81201151790341,228.59029206088439,189.85643767996194,90.77169888935228,69.300287947338916,130.11271081863342,366.0497737556579,19.270485396956964,15.49143562319996,10.859308926367971,3.2936733854362799,0.0,0.0,0.0,0.0,69.477741670093522,74.205002056766688,77.686260798025373,82.212320032909417,0.0,0.0,0.0,0.0
bench press,312.25010283837815,929.83175647896303,997.21143562319901,1022.9999999999985,225.70588235284757,100.5084327437519,157.55820649936894,160.53475935830281,384.8860551213827,432.43850267379162,414.09173179761501,308.33566433565079,-9.0717729329470007,7.7932250102823044,-2.5054833401828929,13.519625668446142,0.0,0.0,0.0,0.0,78.284985602634876,81.680621143559904,79.141135335252102,74.988506787332526,0.0,0.0,0.0,0.0
bench press,358.09173179756357,726.69765528610912,997.22871246400143,1022.9999999999985,50.52694364459002,84.796380090513168,134.60263266146058,119.76923076923353,54.029206088030996,100.10407239820246,118.16700946112555,95.988893459497334,-11.703508844095461,-0.21402303578882131,13.082233648710725,12.606207322087442,0.0,0.0,0.0,0.0,71.396462361167607,84.034627725217987,76.175602632656492,75.510460715757304,0.0,0.0,0.0,0.0
bench press,894.97860962569223,627.23940765125269,1057.9337721102297,1022.9999999999985,971.92060880298834,970.77828054295583,796.41752365276784,628.98642533933116,213.59029206086319,187.98765939939861,81.376799670905925,81.349650349647462,-8.4849403537636032,1.8769230769303573,1.1512834224562465,18.548531468532079,0.0,0.0,0.0,0.0,73.954010695187719,81.277556561084396,78.770477169889077,70.954989716168257,0.0,0.0,0.0,0.0
bench press,1020.2472233648355,901.12916495273532,1023.7342657342616,1022.9999999999985,394.65199506381265,386.46236116820279,213.20485396951622,154.45125462773993,68.933772110241492,76.079391197036387,77.224598930483424,95.39860139860329,-16.296022213080388,-6.4236733854363859,14.309983545868604,12.400654051829575,0.0,0.0,0.0,0.0,72.099662690251705,83.840427807487075,76.078453311393147,76.681789387084351,0.0,0.0,0.0,0.0
bench press,1050.2772521596362,1031.3159193747415,1022.5767174001884,825.24023035793778,187.1402714931842,166.93500617031225,248.96338955163273,191.66351295761169,227.93624023030972,192.95475113124235,149.68983957216258,82.882764294529352,10.962998765942231,6.675960510078383,10.115228301110738,10.772669683257238,0.0,0.0,0.0,0.0,78.596281365691738,83.23264500205633,77.001016042779881,76.834948580831608,0.0,0.0,0.0,0.0
bench press,229.86425339360159,796.73961332808392,975.72768408062382,1022.9999999999985,111.59893048128311,148.18881118880603,169.08761826410623,279.74784039491306,386.27848621967729,469.27272727275238,556.08597285067174,303.69888934586805,4.8303743315517389,-11.00671328671322,-11.025668449203598,-3.4521925133674314,0.0,0.0,0.0,0.0,90.768696009872485,76.747478403948975,78.116487042364156,79.522418757714263,0.0,0.0,0.0,0.0
pushup,1019.5561497325572,877.22953517078861,993.26079802550214,1022.6515837104062,141.79350061701379,86.916906622777887,47.987248046069304,86.763060468962294,586.23735088439105,657.22501028382032,218.86096256681276,393.41711229949971,-16.994105306458366,-12.388181818182643,-22.112793089267608,-27.744117647059827,0.0,0.0,0.0,0.0,-71.736663924311188,-76.437552447550985,-67.169728506783855,-58.746713286711291,0.0,0.0,0.0,0.0
pushup,581.03044014812315,906.75565610868989,959.69189633894575,927.55368161240017,107.95516248457388,102.98436857259404,114.71698889348229,198.78897573015769,502.41217605921941,681.11764705879341,345.39983545871081,516.30522418752003,-7.200785684904381,-7.7299876593987822,-19.132920608804959,-21.010106951871588,0.0,0.0,0.0,0.0,-82.465433977785693,-80.894524886878472,-70.787001234057925,-69.500197449606389,0.0,0.0,0.0,0.0
pushup,553.0608802961126,894.04278074879767,973.87906211430084,653.56931303980298,163.83052241875922,150.37145207731524,128.26162073222847,166.52365281776051,409.54792266561054,827.0530645823851,316.59522830113713,325.41505553267746,-14.278951048951079,-5.4107034142341446,-22.561789387083532,-27.388951048950183,0.0,0.0,0.0,0.0,-74.467688194158455,-84.292570958452103,-67.726083916083738,-61.290830933767865,0.0,0.0,0.0,0.0
pushup,477.13656931304229,884.4985602634091,1017.3360756889975,601.31262854771705,239.0172768408074,436.5351707117054,352.42163718635641,873.23858494448189,236.91526120938826,628.62032085581984,778.88646647449195,581.01151789396579,-19.036795557384679,-17.812439325386055,-2.592102015628023,-32.563850267370292,0.0,0.0,0.0,0.0,-63.922575071988575,-74.53284656519341,-77.511299876597732,-36.154339777845777,0.0,0.0,0.0,0.0
pushup,904.3887289181705,805.88235294123672,908.91649526934827,959.8325791855724,96.642533936648377,107.22912381737427,103.49033319620587,102.8963389551685,671.14973262018259,162.59810777455499,318.75935828879551,264.5697243932288,-3.5965158371064998,-19.993961332785432,-17.846799670918905,-17.033994241052689,0.0,0.0,0.0,0.0,-85.56896750308259,-69.482044426161409,-71.759535170709967,-72.366795557383398,0.0,0.0,0.0,0.0
pushup,678.50061703008271,706.76429452910691,1029.3578774166917,1033.5532702591563,160.4590703414222,221.49156725629243,204.37104072398861,201.22788975726559,290.06581653644923,852.59029206100786,527.88893459464941,330.98436857261208,-16.858358700127621,-22.042418757705711,-10.350436034560092,-21.49099958863955,0.0,0.0,0.0,0.0,-70.213809132040979,-66.216273138632587,-78.157145207727751,-63.329169066224893,0.0,0.0,0.0,0.0
pushup,639.88276429463644,941.59358288775104,1021.3500617029994,1024.742081447964,225.93294940353468,297.12834224598822,164.78445084325082,211.68161250515195,287.59358288776394,855.82846565208808,413.26779103234429,500.79638009053349,-28.606799670917272,-14.717560674617136,-11.814792266558364,-28.412566844924044,0.0,0.0,0.0,0.0,-66.452262443437874,-73.861995063761483,-78.028811188810224,-63.330830933766592,0.0,0.0,0.0,0.0
pushup,1022.9999999999985,1022.3377211024255,1008.95392842448,926.54463183876726,74.067050596468334,118.17605923491443,191.4385026737686,71.059234882752676,226.12422871244544,235.0621143562667,274.47264500203363,108.3628136569052,-20.801127108188265,-11.988741258737651,-25.834656519954216,-9.0446853146833739,0.0,0.0,0.0,0.0,-60.742299465236776,-74.53768408062929,-61.592410530643257,-75.835261209381116,0.0,0.0,0.0,0.0
pushup,696.2858905800714,844.02632661461928,1038.6125051419099,1026.927601809954,362.40847387909326,346.34389140268229,148.0345536815604,90.379267791036924,193.82352941180952,234.83916083911532,224.12381735912453,243.95598519130897,-22.155030851502609,-22.324487865071362,-15.257453722749723,-23.224545454548736,0.0,0.0,0.0,0.0,-61.482192513367764,-61.472764294530712,-60.4355656108566,-71.303155080215546,0.0,0.0,0.0,0.0
pushup,758.18387494853084,939.37597696427031,1026.5993418346316,1018.456190867954,314.46482928835854,366.08309337722102,311.75689016862208,242.19415878239477,492.68654874541147,673.35088440979837,725.5923488274633,169.05018510899015,-10.73252159605004,-1.2837597696403593,-5.2953064582488816,-17.114315096671412,0.0,0.0,0.0,0.0,-69.142628547925156,-82.363981900452302,-76.268305224187472,-69.269440559435864,0.0,0.0,0.0,0.0
pushup,40.643356643379803,337.41382147291836,950.48704236922902,259.38543809122996,160.08309337735085,994.85314685324727,1014.0822706705047,1025.9716166186765,272.69066227911941,1036.0872069106561,348.50061702995691,732.28342246005366,-12.204220485407115,-40.154845742489329,-32.070522418756177,-27.151431509664157,0.0,0.0,0.0,0.0,-57.177293294932731,-53.23947758124428,-56.977256273139311,-61.349522830114729,0.0,0.0,0.0,0.0
pushup,430.05565610881604,822.55985191299953,981.66227889757158,1022.9999999999985,74.356026326628395,253.26779103255069,261.15055532706742,737.23735088441299,444.87206910731209,170.11641299869376,112.69354175239766,208.6232003290695,-25.208518305219627,-16.989222542159716,-9.0811476758575136,-37.597104072396718,0.0,0.0,0.0,0.0,-64.703842451665679,-63.138971616618704,-69.00700946112535,-50.507655285891182,0.0,0.0,0.0,0.0
pushup,887.59563965441464,890.72274784048329,1001.4269847799245,1022.9999999999985,584.94241053077019,916.47963800901653,487.49773755648778,395.4483751542088,582.04319210213225,950.77663512960544,848.44837515417453,695.37474290416776,-7.6774454956769933,-6.2747099958945123,-37.09943644590934,-34.641805841217554,0.0,0.0,0.0,0.0,-72.670703414232321,-62.970423693951545,-52.320995475111488,-52.22491155902933,0.0,0.0,0.0,0.0
pushup,1022.9999999999985,1022.9999999999985,1022.9999999999985,1022.9999999999998,979.68120115176191,947.63842040318548,913.79925956382749,223.02443438925252,401.63101604273351,597.58000822728263,940.4759358287705,798.95853558205658,-12.665824763470226,-9.0537556561053201,-10.292311805842832,-11.754849033316857,0.0,0.0,0.0,0.0,-58.955063759774085,-72.756647470174357,-67.348934594818076,-68.090069107355333,0.0,0.0,0.0,0.0
pushup,1022.9999999999994,1022.9999999999993,1022.9999999999985,1022.9999999999985,831.22274784000354,892.23406005727361,135.71493212663651,360.48416289596292,1026.8303167417757,1084.7619086795912,37.332373508747416,114.48868778279981,-18.255614973268329,-10.76596133278364,-6.3118593171510318,-17.660584121764906,0.0,0.0,0.0,0.0,-70.055559440558696,-68.002817770464773,-73.643648704239908,-63.765989304810844,0.0,0.0,0.0,0.0
pushup,1022.9999999999985,1022.9999999999985,1022.9999999999985,1022.9999999999985,472.48745372265103,415.55162484582803,958.56314273970236,1003.5318798848197,511.4648292882959,883.82188399848383,992.18675442200038,447.1308103659336,-19.754952694359492,-13.217186343066199,-4.1177293294971564,-11.496807897985139,0.0,0.0,0.0,0.0,-62.574508432745333,-56.999749074451302,-66.271522007408265,-68.264245166597206,0.0,0.0,0.0,0.0
pushup,1022.9999999999994,1022.9999999999993,1022.9999999999985,1022.9999999999985,529.41916906581889,304.73081036596415,547.64294529000699,322.84574249278938,1023.176264911199,1079.909255450279,262.13533525286755,636.70341423300874,-8.4982928835899756,-8.6263726861383105,-8.4743685726029732,-1.2746277252206792,0.0,0.0,0.0,0.0,-71.658027560669268,-71.365382969970014,-72.110806252571706,-75.395540929656732,0.0,0.0,0.0,0.0
pushup,1022.9999999999985,1022.9999999999985,1022.9999999999985,1022.9999999999985,1054.9362402303682,1027.641711229945,1056.5026737967676,572.01892225409892,281.69395310573418,764.51583710425018,1017.241053064576,1022.9999999999985,-26.380649938295228,-24.248033730975802,-35.376737967914856,-9.7711435623134832,0.0,0.0,0.0,0.0,-62.832464006583407,-65.647552447549586,-50.097786918965198,-62.506429452900598,0.0,0.0,0.0,0.0
pushup,140.35252982318724,655.45495680808688,1043.0152200740317,1022.9999999999985,359.80995475116538,514.82887700534184,364.76758535581064,660.0045248870573,690.37597696405362,551.22089675051109,995.22171945688967,251.19744960913152,-25.168412176062475,-28.134533113943917,-31.49336487042337,0.43030851501607759,0.0,0.0,0.0,0.0,-65.443208556146018,-57.493681612506627,-59.711530234466139,-62.181612505147235,0.0,0.0,0.0,0.0
pushup,236.39243109821035,769.10900863866652,979.64088852323914,1022.9999999999985,451.10366104488406,505.14685314681873,363.52283011101497,333.4483751544123,935.42081447957378,638.58905800070522,136.06088029613534,298.70012340613772,-29.035902920607402,-21.238494446734087,-21.839033319614256,-9.2727848621975486,0.0,0.0,0.0,0.0,-57.911818181819015,-62.598161250511801,-65.354319210206668,-78.333192102015275,0.0,0.0,0.0,0.0
